i,x,A,P,rho,u,p,E,a,M,k
0,0.0000000000000000e+00,9.9999999999999956e-01,3.5449077018110313e+00,1.9497611985097324e-01,-2.4409477871891408e-01,1.2195356924133454e+05,2.8430887427377524e+06,8.7354737167189353e+02,-2.7942935510381992e-04,1.2200000000000000e+00
1,1.0000000000000000e+00,9.9999999999999956e-01,3.5449077018110313e+00,1.9702030349325980e-01,-3.2954674376174919e-01,1.2193397277634554e+05,2.8131381978042601e+06,8.6893398927444514e+02,-3.7925406052641449e-04,1.2200000000000000e+00
2,2.0000000000000000e+00,9.9999999999999956e-01,3.5449077018110313e+00,1.9816534060493493e-01,-1.3691138742155196e-01,1.2192487828290547e+05,2.7966746978078829e+06,8.6638760746913579e+02,-1.5802556066273060e-04,1.2200000000000000e+00
3,3.0000000000000000e+00,9.9999999999999956e-01,3.5449077018110313e+00,1.9816534060493493e-01,1.3691138742155196e-01,1.2192487828290547e+05,2.7966746978078829e+06,8.6638760746913579e+02,1.5802556066273060e-04,1.2200000000000000e+00
4,4.0000000000000000e+00,9.9999999999999956e-01,3.5449077018110313e+00,1.9702030349325980e-01,3.2954674376174919e-01,1.2193397277634554e+05,2.8131381978042601e+06,8.6893398927444514e+02,3.7925406052641449e-04,1.2200000000000000e+00
5,5.0000000000000000e+00,9.9999999999999956e-01,3.5449077018110313e+00,1.9497611985097324e-01,2.4409477871891408e-01,1.2195356924133454e+05,2.8430887427377524e+06,8.7354737167189353e+02,2.7942935510381992e-04,1.2200000000000000e+00
6,6.0000000000000000e+00,9.9999999999999956e-01,3.5449077018110313e+00,2.3711308194887779e-01,1.3084421708267206e+02,1.4880963170049951e+05,2.8612387137019886e+06,8.7501939332250902e+02,1.4953293387686820e-01,1.2200000000000000e+00
7,7.0000000000000000e+00,9.9999999999999956e-01,3.5449077018110313e+00,3.4048714458063051e-01,2.0985542125587577e+02,2.1265186552845326e+05,2.8608915539213251e+06,8.7289931796492601e+02,2.4041194320684298e-01,1.2200000000000000e+00
8,8.0000000000000000e+00,9.9999999999999956e-01,3.5449077018110313e+00,4.1394888209584640e-01,2.6861317670249565e+02,2.5795801027549984e+05,2.8686398165527666e+06,8.7192888985826312e+02,3.0806775624347099e-01,1.2200000000000000e+00
9,9.0000000000000000e+00,9.9999999999999956e-01,3.5449077018110313e+00,5.2165067832837886e-01,3.5272077060411732e+02,3.2301171646456706e+05,2.8768003649878232e+06,8.6915886657402461e+02,4.0581852658817325e-01,1.2200000000000000e+00
10,1.0000000000000000e+01,9.9999999999999956e-01,3.5449077018110313e+00,5.3155902746362049e-01,3.3669747171645758e+02,3.3010371226212010e+05,2.8794573785605188e+06,8.7042102010950828e+02,3.8682139325414894e-01,1.2200000000000000e+00
11,1.1000000000000000e+01,9.9999999999999956e-01,3.5449077018110313e+00,5.3175708724712323e-01,3.3663069188850898e+02,3.3015733396873309e+05,2.8788418751664897e+06,8.7032958435611181e+02,3.8678530287759372e-01,1.2200000000000000e+00
12,1.2000000000000000e+01,9.9999999999999956e-01,3.5449077018110313e+00,5.3180394331483305e-01,3.3667503726371723e+02,3.3018183423967962e+05,2.8788175576106543e+06,8.7032353273397234e+02,3.8683894506001720e-01,1.2200000000000000e+00
13,1.3000000000000000e+01,9.9999999999999956e-01,3.5449077018110313e+00,5.3182264936683588e-01,3.3671722787119620e+02,3.3019927030998043e+05,2.8788815234486307e+06,8.7033120553513311e+02,3.8688401120141586e-01,1.2200000000000000e+00
14,1.4000000000000000e+01,9.9999999999999956e-01,3.5449077018110313e+00,5.3181756415067793e-01,3.3671609066090582e+02,3.3019727232611703e+05,2.8788910494044232e+06,8.7033273342433245e+02,3.8688202537906757e-01,1.2200000000000000e+00
15,1.5000000000000000e+01,9.9999999999999956e-01,3.5449077018110313e+00,5.3179687826856548e-01,3.3668394645809377e+02,3.3018164147087792e+05,2.8788564023164040e+06,8.7032905988035020e+02,3.8684672496673833e-01,1.2200000000000000e+00
16,1.6000000000000000e+01,9.9999999999999956e-01,3.5449077018110313e+00,5.3177506943978325e-01,3.3664998313078593e+02,3.3016546635434177e+05,2.8788224493443281e+06,8.7032558762153303e+02,3.8680924463085009e-01,1.2200000000000000e+00
17,1.7000000000000000e+01,9.9999999999999956e-01,3.5449077018110313e+00,5.3176758946791702e-01,3.3663944786387805e+02,3.3016004865505209e+05,2.8788122903032624e+06,8.7032456802094180e+02,3.8679759279848092e-01,1.2200000000000000e+00
18,1.8000000000000000e+01,9.9999999999999956e-01,3.5449077018110313e+00,5.3177133870758408e-01,3.3664478888176529e+02,3.3016208615323663e+05,2.8788116068752338e+06,8.7032418539441323e+02,3.8680389966320966e-01,1.2200000000000000e+00
19,1.9000000000000000e+01,9.9999999999999956e-01,3.5449077018110313e+00,5.3177926881970361e-01,3.3665364483366545e+02,3.3016573910196108e+05,2.8788037272750488e+06,8.7032251068418009e+02,3.8681481945010759e-01,1.2200000000000000e+00
20,2.0000000000000000e+01,9.9999999999999956e-01,3.5449077018110313e+00,5.3178617065372968e-01,3.3666103165350722e+02,3.3016864867162536e+05,2.8787944563747183e+06,8.7032069769112752e+02,3.8682411270539097e-01,1.2200000000000000e+00
21,2.1000000000000000e+01,9.9999999999999956e-01,3.5449077018110313e+00,5.3178661302234076e-01,3.3666498521020679e+02,3.3016993840980233e+05,2.8788044638544903e+06,8.7032203556635795e+02,3.8682806070872794e-01,1.2200000000000000e+00
22,2.2000000000000000e+01,9.9999999999999956e-01,3.5449077018110313e+00,5.3177900019031632e-01,3.3666803134793912e+02,3.3017086046302126e+05,2.8788537718013590e+06,8.7032948047987600e+02,3.8682825171256929e-01,1.2200000000000000e+00
23,2.3000000000000000e+01,9.9999999999999956e-01,3.5449077018110313e+00,5.3176541438849367e-01,3.3667206468769268e+02,3.3017240814831416e+05,2.8789404615552421e+06,8.7034263808036826e+02,3.8682703794709877e-01,1.2200000000000000e+00
24,2.4000000000000000e+01,9.9999999999999956e-01,3.5449077018110313e+00,5.3175292776810068e-01,3.3668031739967887e+02,3.3017614742531738e+05,2.8790414760515774e+06,8.7035778516903940e+02,3.8682978786050543e-01,1.2200000000000000e+00
25,2.5000000000000000e+01,9.9999999999999956e-01,3.5449077018110313e+00,5.3174633025660301e-01,3.3669099010754127e+02,3.3018130112388625e+05,2.8791241418506219e+06,8.7036997722251260e+02,3.8683663145410313e-01,1.2200000000000000e+00
26,2.6000000000000000e+01,9.9999999999999956e-01,3.5449077018110313e+00,5.3174390796244075e-01,3.3669775790294631e+02,3.3018491477986873e+05,2.8791701680882527e+06,8.7037672251453898e+02,3.8684140923509364e-01,1.2200000000000000e+00
27,2.7000000000000000e+01,9.9999999999999956e-01,3.5449077018110313e+00,5.3173869337732060e-01,3.3669574268022876e+02,3.3018465999976220e+05,2.8791949908352164e+06,8.7038065444661595e+02,3.8683734634968236e-01,1.2200000000000000e+00
28,2.8000000000000000e+01,9.9999999999999956e-01,3.5449077018110313e+00,5.3171763307368836e-01,3.3667662084924990e+02,3.3017667118557007e+05,2.8792320536657581e+06,8.7038736162293685e+02,3.8681239605947149e-01,1.2200000000000000e+00
29,2.9000000000000000e+01,9.9999999999999956e-01,3.5449077018110313e+00,5.3167920591965712e-01,3.3664882873450040e+02,3.3016481058831722e+05,2.8793252984516355e+06,8.7040318098948114e+02,3.8677343567586159e-01,1.2200000000000000e+00
30,3.0000000000000000e+01,9.9999999999999956e-01,3.5449077018110313e+00,5.3163270072832847e-01,3.3662865822692964e+02,3.3015670221505186e+05,2.8794960971622625e+06,8.7043056146560502e+02,3.8673809621312510e-01,1.2200000000000000e+00
31,3.1000000000000000e+01,9.9999999999999956e-01,3.5449077018110313e+00,5.3159309850471081e-01,3.3662982323402900e+02,3.3015868980258796e+05,2.8797237780256211e+06,8.7046560335096615e+02,3.8672386586917440e-01,1.2200000000000000e+00
32,3.2000000000000000e+01,9.9999999999999956e-01,3.5449077018110313e+00,5.3157602347385879e-01,3.3666113963507206e+02,3.3017493049665540e+05,2.8799638742464804e+06,8.7050099300871307e+02,3.8674411900607947e-01,1.2200000000000000e+00
33,3.3000000000000000e+01,9.9999999999999956e-01,3.5449077018110313e+00,5.3157324374177006e-01,3.3669548556511023e+02,3.3019277100993798e+05,2.8801427547787782e+06,8.7052678690126129e+02,3.8677211388705907e-01,1.2200000000000000e+00
34,3.4000000000000000e+01,9.9999999999999956e-01,3.5449077018110313e+00,5.3157008131193451e-01,3.3670522624892470e+02,3.3019952062289632e+05,2.8802205477981945e+06,8.7053827376502579e+02,3.8677819964502513e-01,1.2200000000000000e+00
35,3.5000000000000000e+01,9.9999999999999956e-01,3.5449077018110313e+00,5.3156326212992056e-01,3.3669139754171766e+02,3.3019541990855319e+05,2.8802170478908052e+06,8.7053845200113051e+02,3.8676223522092096e-01,1.2200000000000000e+00
36,3.6000000000000000e+01,9.9999999999999956e-01,3.5449077018110313e+00,5.3155614993054134e-01,3.3666992534783856e+02,3.3018791190922743e+05,2.8801833948527370e+06,8.7053437857090364e+02,3.8673937943786479e-01,1.2200000000000000e+00
37,3.7000000000000000e+01,9.9999999999999956e-01,3.5449077018110313e+00,5.3155083310420104e-01,3.3665114042146450e+02,3.3018184571820672e+05,2.8801534389473610e+06,8.7053073553372849e+02,3.8671941917715441e-01,1.2200000000000000e+00
38,3.8000000000000000e+01,9.9999999999999956e-01,3.5449077018110313e+00,5.3155312800516019e-01,3.3664336981114548e+02,3.3018098373402841e+05,2.8801312619533841e+06,8.7052772002155973e+02,3.8671183245354679e-01,1.2200000000000000e+00
39,3.9000000000000000e+01,9.9999999999999956e-01,3.5449077018110313e+00,5.3156466186089701e-01,3.3664192187034865e+02,3.3018314386377035e+05,2.8800879825652963e+06,8.7052112321683387e+02,3.8671309965042189e-01,1.2200000000000000e+00
40,4.0000000000000000e+01,9.9999999999999956e-01,3.5449077018110313e+00,5.3158780661320182e-01,3.3664279936648853e+02,3.3018631736669643e+05,2.8799924848789275e+06,8.7050635557799342e+02,3.8672066804494099e-01,1.2200000000000000e+00
41,4.1000000000000000e+01,9.9999999999999956e-01,3.5449077018110313e+00,5.3162333809535955e-01,3.3664426516892559e+02,3.3018957934006973e+05,2.8798321692002364e+06,8.7048156438304784e+02,3.8673336569456424e-01,1.2200000000000000e+00
42,4.2000000000000000e+01,9.9999999999999956e-01,3.5449077018110313e+00,5.3166803045019395e-01,3.3664477084728429e+02,3.3019220658657030e+05,2.8796174836085206e+06,8.7044843995906911e+02,3.8674866355451709e-01,1.2200000000000000e+00
43,4.3000000000000000e+01,9.9999999999999956e-01,3.5449077018110313e+00,5.3171701530519744e-01,3.3664457027092925e+02,3.3019442430728674e+05,2.8793763078024033e+06,8.7041126668028483e+02,3.8676495026871460e-01,1.2200000000000000e+00
44,4.4000000000000000e+01,9.9999999999999956e-01,3.5449077018110313e+00,5.3176574254058739e-01,3.3664506272535931e+02,3.3019705062622402e+05,2.8791402697349116e+06,8.7037484801131075e+02,3.8678169928111772e-01,1.2200000000000000e+00
45,4.5000000000000000e+01,9.9999999999999956e-01,3.5449077018110313e+00,5.3181078557517925e-01,3.3664726028780018e+02,3.3020067059016385e+05,2.8789328932754309e+06,8.7034275871429520e+02,3.8679848475456824e-01,1.2200000000000000e+00
46,4.6000000000000000e+01,9.9999999999999956e-01,3.5449077018110313e+00,5.3184887047655705e-01,3.3664940502410849e+02,3.3020447568620433e+05,2.8787640372798685e+06,8.7031661072653469e+02,3.8681257013246678e-01,1.2200000000000000e+00
47,4.7000000000000000e+01,9.9999999999999956e-01,3.5449077018110313e+00,5.3187780478646340e-01,3.3664908428001633e+02,3.3020725557083922e+05,2.8786341633902774e+06,8.7029660101365459e+02,3.8682109511620905e-01,1.2200000000000000e+00
48,4.8000000000000000e+01,9.9999999999999956e-01,3.5449077018110313e+00,5.3189646445343708e-01,3.3664410588358726e+02,3.3020787601919245e+05,2.8785387910736762e+06,8.7028215288713352e+02,3.8682179654814369e-01,1.2200000000000000e+00
49,4.9000000000000000e+01,9.9999999999999956e-01,3.5449077018110313e+00,5.3190315338989747e-01,3.3663008979527399e+02,3.3020423977126525e+05,2.8784675122443796e+06,8.7027188900783949e+02,3.8681025326355406e-01,1.2200000000000000e+00
50,5.0000000000000000e+01,9.9999999999999956e-01,3.5449077018110313e+00,5.3190295876210092e-01,3.3661266505540817e+02,3.3019888880840805e+05,2.8784169517918597e+06,8.7026499681576036e+02,3.8679329432649906e-01,1.2200000000000000e+00
51,5.1000000000000000e+01,9.9999999999999956e-01,3.5449077018110313e+00,5.3190416781569561e-01,3.3660209767960686e+02,3.3019667194238893e+05,2.8783880361703555e+06,8.7026108636658057e+02,3.8678288958656226e-01,1.2200000000000000e+00
52,5.2000000000000000e+01,9.9999999999999956e-01,3.5449077018110313e+00,5.3191381020446205e-01,3.3660686150814615e+02,3.3020154516471270e+05,2.8783801319908183e+06,8.7025962021443229e+02,3.8678901524260784e-01,1.2200000000000000e+00
53,5.3000000000000000e+01,9.9999999999999956e-01,3.5449077018110313e+00,5.3192818126425623e-01,3.3661887562308095e+02,3.3020984584835946e+05,2.8783788730456349e+06,8.7025880244724499e+02,3.8680318392239044e-01,1.2200000000000000e+00
54,5.4000000000000000e+01,9.9999999999999956e-01,3.5449077018110313e+00,5.3194109956831737e-01,3.3662732168549542e+02,3.3021649436369579e+05,2.8783700018281038e+06,8.7025699600947291e+02,3.8681369208071403e-01,1.2200000000000000e+00
55,5.5000000000000000e+01,9.9999999999999956e-01,3.5449077018110313e+00,5.3194792303143235e-01,3.3662486194179263e+02,3.3021813304555236e+05,2.8783469812522996e+06,8.7025357374722648e+02,3.8681238675334478e-01,1.2200000000000000e+00
56,5.6000000000000000e+01,9.9999999999999956e-01,3.5449077018110313e+00,5.3195147242307805e-01,3.3661660970383639e+02,3.3021701682159078e+05,2.8783158379633124e+06,8.7024919956443944e+02,3.8680484839550938e-01,1.2200000000000000e+00
57,5.7000000000000000e+01,9.9999999999999956e-01,3.5449077018110313e+00,5.3195398262676663e-01,3.3660654779345430e+02,3.3021502835965221e+05,2.8782821449918482e+06,8.7024452610049389e+02,3.8679536348451987e-01,1.2200000000000000e+00
58,5.8000000000000000e+01,9.9999999999999956e-01,3.5449077018110313e+00,5.3195758617878774e-01,3.3659811850598618e+02,3.3021381088155368e+05,2.8782497905041655e+06,8.7023997425967764e+02,3.8678770047576100e-01,1.2200000000000000e+00
59,5.9000000000000000e+01,9.9999999999999956e-01,3.5449077018110313e+00,5.3196364535545415e-01,3.3659325204914273e+02,3.3021428186850058e+05,2.8782200382857411e+06,8.7023563875014645e+02,3.8678403533618333e-01,1.2200000000000000e+00
60,6.0000000000000000e+01,9.9999999999999956e-01,3.5449077018110313e+00,5.3197118288007872e-01,3.3659008395464969e+02,3.3021561782757298e+05,2.8781904081076384e+06,8.7023123388013516e+02,3.8678235260975624e-01,1.2200000000000000e+00
61,6.1000000000000000e+01,9.9999999999999956e-01,3.5449077018110313e+00,5.3197958244866483e-01,3.3658747536801008e+02,3.3021729126179905e+05,2.8781592784879347e+06,8.7022656871153310e+02,3.8678142850357367e-01,1.2200000000000000e+00
62,6.2000000000000000e+01,9.9999999999999956e-01,3.5449077018110313e+00,5.3198865492712000e-01,3.3658510298904116e+02,3.3021913613942574e+05,2.8781261253121840e+06,8.7022157919648487e+02,3.8678091998112191e-01,1.2200000000000000e+00
63,6.3000000000000000e+01,9.9999999999999956e-01,3.5449077018110313e+00,5.3199836336081574e-01,3.3658296238612610e+02,3.3022111883240164e+05,2.8780908559839954e+06,8.7021625127998811e+02,3.8678082820339338e-01,1.2200000000000000e+00
64,6.4000000000000000e+01,9.9999999999999956e-01,3.5449077018110313e+00,5.3200897870412689e-01,3.3658157148716617e+02,3.3022343082114903e+05,2.8780538441127967e+06,8.7021061568883556e+02,3.8678173469618865e-01,1.2200000000000000e+00
65,6.5000000000000000e+01,9.9999999999999956e-01,3.5449077018110313e+00,5.3202109604124803e-01,3.3658200255458934e+02,3.3022649502466409e+05,2.8780159084161269e+06,8.7020474302002594e+02,3.8678484029688126e-01,1.2200000000000000e+00
66,6.6000000000000000e+01,9.9999999999999956e-01,3.5449077018110313e+00,5.3203441973937404e-01,3.3658390522702013e+02,3.3023006912850158e+05,2.8779764288911689e+06,8.7019855583928847e+02,3.8678977684856292e-01,1.2200000000000000e+00
67,6.7000000000000000e+01,9.9999999999999956e-01,3.5449077018110313e+00,5.3204770786226274e-01,3.3658537576230850e+02,3.3023318913270155e+05,2.8779331150539378e+06,8.7019179972217398e+02,3.8679446975916121e-01,1.2200000000000000e+00
68,6.8000000000000000e+01,9.9999999999999956e-01,3.5449077018110313e+00,5.3205981227016608e-01,3.3658458428978821e+02,3.3023495051157771e+05,2.8778837117815996e+06,8.7018422185568261e+02,3.8679692855383641e-01,1.2200000000000000e+00
69,6.9000000000000000e+01,9.9999999999999956e-01,3.5449077018110313e+00,5.3206921719331035e-01,3.3657896916394213e+02,3.3023420577354386e+05,2.8778255909719653e+06,8.7017554987691688e+02,3.8679433042166028e-01,1.2200000000000000e+00
70,7.0000000000000000e+01,9.9999999999999956e-01,3.5449077018110313e+00,5.3207525597266858e-01,3.3656714754874054e+02,3.3023037792002782e+05,2.8777568922764957e+06,8.7016556860957837e+02,3.8678518168276299e-01,1.2200000000000000e+00
71,7.1000000000000000e+01,9.9999999999999956e-01,3.5449077018110313e+00,5.3208212554931134e-01,3.3655563827355360e+02,3.3022664741595334e+05,2.8776847271279320e+06,8.7015503637915458e+02,3.8677663657962841e-01,1.2200000000000000e+00
72,7.2000000000000000e+01,9.9999999999999956e-01,3.5449077018110313e+00,5.3209370169157688e-01,3.3655048718336394e+02,3.3022587276543415e+05,2.8776150017035315e+06,8.7014455025266523e+02,3.8677537782158061e-01,1.2200000000000000e+00
73,7.3000000000000000e+01,9.9999999999999956e-01,3.5449077018110313e+00,5.3210892810222010e-01,3.3654989376680828e+02,3.3022730817356252e+05,2.8775463407318131e+06,8.7013399159725009e+02,3.8677938917088489e-01,1.2200000000000000e+00
74,7.4000000000000000e+01,9.9999999999999956e-01,3.5449077018110313e+00,5.3212578199877558e-01,3.3655064820680315e+02,3.3022941935625137e+05,2.8774752823675354e+06,8.7012299309888169e+02,3.8678514517608797e-01,1.2200000000000000e+00
75,7.5000000000000000e+01,9.9999999999999956e-01,3.5449077018110313e+00,5.3214331751779564e-01,3.3655130851323918e+02,3.3023145676843991e+05,2.8773999535825690e+06,8.7011134070750086e+02,3.8679108381645061e-01,1.2200000000000000e+00
76,7.6000000000000000e+01,9.9999999999999956e-01,3.5449077018110313e+00,5.3216065106412858e-01,3.3655054018083814e+02,3.3023271835731837e+05,2.8773185928119179e+06,8.7009883197291651e+02,3.8679576137083460e-01,1.2200000000000000e+00
77,7.7000000000000000e+01,9.9999999999999956e-01,3.5449077018110313e+00,5.3217687248514400e-01,3.3654689291779073e+02,3.3023249338553863e+05,2.8772294657468069e+06,8.7008527464406927e+02,3.8679759642578010e-01,1.2200000000000000e+00
78,7.8000000000000000e+01,9.9999999999999956e-01,3.5449077018110313e+00,5.3219072160669956e-01,3.3653820992191487e+02,3.3022978420290945e+05,2.8771300043521235e+06,8.7007038452756478e+02,3.8679423631301979e-01,1.2200000000000000e+00
79,7.9000000000000000e+01,9.9999999999999956e-01,3.5449077018110313e+00,5.3220401744221246e-01,3.3652729685362391e+02,3.3022594343407732e+05,2.8770230650374764e+06,8.7005445648364662e+02,3.8678877436443454e-01,1.2200000000000000e+00
80,8.0000000000000000e+01,9.9999999999999956e-01,3.5449077018110313e+00,5.3221892026460305e-01,3.3651752190578344e+02,3.3022260068771604e+05,2.8769122517715762e+06,8.7003787151211600e+02,3.8678491238653762e-01,1.2200000000000000e+00
81,8.1000000000000000e+01,9.9999999999999956e-01,3.5449077018110313e+00,5.3223608803724298e-01,3.3650981560073637e+02,3.3022023962187365e+05,2.8767985231915750e+06,8.7002072914960104e+02,3.8678367575179134e-01,1.2200000000000000e+00
82,8.2000000000000000e+01,9.9999999999999956e-01,3.5449077018110313e+00,5.3225423908077174e-01,3.3650194050703828e+02,3.3021786758657498e+05,2.8766794416523785e+06,8.7000276949501415e+02,3.8678260840750889e-01,1.2200000000000000e+00
83,8.3000000000000000e+01,9.9999999999999956e-01,3.5449077018110313e+00,5.3227165683176059e-01,3.3649090794682053e+02,3.3021415735808172e+05,2.8765517627919186e+06,8.6998364716561616e+02,3.8677842858667405e-01,1.2200000000000000e+00
84,8.4000000000000000e+01,9.9999999999999956e-01,3.5449077018110313e+00,5.3228809263567556e-01,3.3647614266323063e+02,3.3020887279503111e+05,2.8764145941137546e+06,8.6996325425117277e+02,3.8677052279967267e-01,1.2200000000000000e+00
85,8.5000000000000000e+01,9.9999999999999956e-01,3.5449077018110313e+00,5.3230525713996923e-01,3.3646045868190879e+02,3.3020325530310930e+05,2.8762704217704474e+06,8.6994182810161146e+02,3.8676201995728077e-01,1.2200000000000000e+00
86,8.6000000000000000e+01,9.9999999999999956e-01,3.5449077018110313e+00,5.3232499881775919e-01,3.3644717280395241e+02,3.3019864062713960e+05,2.8761219780435101e+06,8.6991961798496015e+02,3.8675662193167043e-01,1.2200000000000000e+00
87,8.7000000000000000e+01,9.9999999999999956e-01,3.5449077018110313e+00,5.3234831922904324e-01,3.3643808867144293e+02,3.3019570148394746e+05,2.8759703119255900e+06,8.6989669207161296e+02,3.8675637203566487e-01,1.2200000000000000e+00
88,8.8000000000000000e+01,9.9999999999999956e-01,3.5449077018110313e+00,5.3237456247238890e-01,3.3643134010523926e+02,3.3019384769960976e+05,2.8758132334814207e+06,8.6987280933020384e+02,3.8675923249548300e-01,1.2200000000000000e+00
89,8.9000000000000000e+01,9.9999999999999956e-01,3.5449077018110313e+00,5.3240265899808459e-01,3.3642322966882426e+02,3.3019216089427372e+05,2.8756473246761044e+06,8.6984763426558015e+02,3.8676110207837638e-01,1.2200000000000000e+00
90,9.0000000000000000e+01,9.9999999999999956e-01,3.5449077018110313e+00,5.3243238410362703e-01,3.3640747584464435e+02,3.3019037328783062e+05,2.8754693789788978e+06,8.6982099807156715e+02,3.8675483414458273e-01,1.2200000000000000e+00
91,9.1000000000000000e+01,9.9999999999999956e-01,3.5449077018110313e+00,5.3246638867885221e-01,3.3636675153265810e+02,3.3019041445575783e+05,2.8752760105905426e+06,8.6979327742762268e+02,3.8672033948968743e-01,1.2200000000000000e+00
92,9.2000000000000000e+01,9.9999999999999956e-01,3.5449077018110313e+00,5.3252536860667010e-01,3.3625433721012047e+02,3.3020795542795229e+05,2.8750757421448082e+06,8.6976821083010225e+02,3.8660223841614200e-01,1.2200000000000000e+00
93,9.3000000000000000e+01,9.9999999999999956e-01,3.5449077018110313e+00,5.3270419835753358e-01,3.3592602377706936e+02,3.3031576554718887e+05,2.8749391309640291e+06,8.6976415778627324e+02,3.8622656586823428e-01,1.2200000000000000e+00
94,9.4000000000000000e+01,9.9999999999999956e-01,3.5449077018110313e+00,5.3334587170817571e-01,3.3484001613692271e+02,3.3077581804964138e+05,2.8751047296291129e+06,8.6984590347181108e+02,3.8494176359338778e-01,1.2200000000000000e+00
95,9.5000000000000000e+01,9.9999999999999956e-01,3.5449077018110313e+00,5.3565559865880852e-01,3.3105040892524812e+02,3.3250701443905401e+05,2.8763779261182193e+06,8.7023690480238611e+02,3.8041412298002142e-01,1.2200000000000000e+00
96,9.6000000000000000e+01,9.9999999999999956e-01,3.5449077018110313e+00,5.4493454590106960e-01,3.1606424263931564e+02,3.3958057478776213e+05,2.8824867769955983e+06,8.7192506930977254e+02,3.6249014251822842e-01,1.2200000000000000e+00
97,9.7000000000000000e+01,9.9999999999999956e-01,3.5449077018110313e+00,5.6692888745983527e-01,2.8133747923194682e+02,3.5640371927694220e+05,2.8971064505092246e+06,8.7576328823128517e+02,3.2124831334291654e-01,1.2200000000000000e+00
98,9.8000000000000000e+01,9.9999999999999956e-01,3.5449077018110313e+00,5.8759730263407450e-01,2.5007074511605018e+02,3.7222021398049081e+05,2.9106377198609146e+06,8.7910347305748292e+02,2.8446110472788283e-01,1.2200000000000000e+00
99,9.9000000000000000e+01,9.9999999999999956e-01,3.5449077018110313e+00,5.9493563284862838e-01,2.3913577788462422e+02,3.7777147640906158e+05,2.9148599439481921e+06,8.8015570125756767e+02,2.7169712988616296e-01,1.2200000000000000e+00
100,1.0000000000000000e+02,9.9999999999999956e-01,3.5449077018110313e+00,5.9704590209508934e-01,2.3596774777445046e+02,3.7931232792204252e+05,2.9156366858122577e+06,8.8038884935338990e+02,2.6802673380945163e-01,1.2200000000000000e+00
101,1.0100000000000000e+02,9.9999999999999956e-01,3.5449077018110313e+00,5.9767074507195883e-01,2.3499664359902755e+02,3.7972272951966355e+05,2.9155101421838934e+06,8.8040441778893864e+02,2.6691897365667677e-01,1.2200000000000000e+00
102,1.0200000000000000e+02,9.9999999999999956e-01,3.5449077018110313e+00,5.9784364888347652e-01,2.3464580095077713e+02,3.7977946744894976e+05,2.9150239239293151e+06,8.8034285940032123e+02,2.6653910853620710e-01,1.2200000000000000e+00
103,1.0300000000000000e+02,9.9999999999999956e-01,3.5449077018110313e+00,5.9785838237910993e-01,2.3445708023893593e+02,3.7970712979151419e+05,2.9143585247890167e+06,8.8024816819879766e+02,2.6635338613506265e-01,1.2200000000000000e+00
104,1.0400000000000000e+02,9.9999999999999956e-01,3.5449077018110313e+00,5.9785113141903978e-01,2.3439219262390225e+02,3.7960904812949797e+05,2.9136326129762484e+06,8.8013981025049929e+02,2.6631245387842550e-01,1.2200000000000000e+00
105,1.0500000000000000e+02,9.9999999999999956e-01,3.5449077018110313e+00,5.9787586658654901e-01,2.3445954898048623e+02,3.7952627394516632e+05,2.9128996924270163e+06,8.8002564261327041e+02,2.6642354225525688e-01,1.2200000000000000e+00
106,1.0600000000000000e+02,9.9999999999999956e-01,3.5449077018110313e+00,5.9790199804470678e-01,2.3459104273983357e+02,3.7943537777732674e+05,2.9121133996747481e+06,8.7990102488774914e+02,2.6661071655162677e-01,1.2200000000000000e+00
107,1.0700000000000000e+02,9.9999999999999956e-01,3.5449077018110313e+00,5.9790166016272595e-01,2.3477753296848914e+02,3.7931271328225353e+05,2.9112262583445921e+06,8.7975903404481380e+02,2.6686572559427663e-01,1.2200000000000000e+00
108,1.0800000000000000e+02,9.9999999999999956e-01,3.5449077018110313e+00,5.9786021051042781e-01,2.3500441322093315e+02,3.7914598362731485e+05,2.9102118508566786e+06,8.7959615017792203e+02,2.6717308070686435e-01,1.2200000000000000e+00
109,1.0900000000000000e+02,9.9999999999999956e-01,3.5449077018110313e+00,5.9782408847574664e-01,2.3525228859889251e+02,3.7897007258220972e+05,2.9091067972859736e+06,8.7941864205775209e+02,2.6750887159774733e-01,1.2200000000000000e+00
110,1.1000000000000000e+02,9.9999999999999956e-01,3.5449077018110313e+00,5.9787410958663334e-01,2.3550242876859855e+02,3.7884674294208345e+05,2.9079869618417150e+06,8.7923875113044994e+02,2.6784809980885133e-01,1.2200000000000000e+00
111,1.1100000000000000e+02,9.9999999999999956e-01,3.5449077018110313e+00,5.9802507822095430e-01,2.3568322380778918e+02,3.7878764230548515e+05,2.9068532379427571e+06,8.7905918899783137e+02,2.6810848092775080e-01,1.2200000000000000e+00
112,1.1200000000000000e+02,9.9999999999999956e-01,3.5449077018110313e+00,5.9823694007388573e-01,2.3579141784275478e+02,3.7876121710798092e+05,2.9056583543726113e+06,8.7887286075374482e+02,2.6828842756679705e-01,1.2200000000000000e+00
113,1.1300000000000000e+02,9.9999999999999956e-01,3.5449077018110313e+00,5.9847075604300304e-01,2.3585771652769776e+02,3.7873791356369667e+05,2.9043726479126611e+06,8.7867412921944538e+02,2.6842456000977039e-01,1.2200000000000000e+00
114,1.1400000000000000e+02,9.9999999999999956e-01,3.5449077018110313e+00,5.9871671132552196e-01,2.3592125347004418e+02,3.7871215147432708e+05,2.9030103480215096e+06,8.7846375074387424e+02,2.6856117087389031e-01,1.2200000000000000e+00
115,1.1500000000000000e+02,9.9999999999999956e-01,3.5449077018110313e+00,5.9896210309336384e-01,2.3600656079935254e+02,3.7867832038333284e+05,2.9015957900137901e+06,8.7824455094076598e+02,2.6872533458538955e-01,1.2200000000000000e+00
116,1.1600000000000000e+02,9.9999999999999956e-01,3.5449077018110313e+00,5.9919713834799893e-01,2.3614299005058723e+02,3.7863444189754367e+05,2.9001679115363313e+06,8.7802141441965807e+02,2.6894900986745252e-01,1.2200000000000000e+00
117,1.1700000000000000e+02,9.9999999999999956e-01,3.5449077018110313e+00,5.9941468228900441e-01,2.3638128197433130e+02,3.7858163185960753e+05,2.8987813131776126e+06,8.7780084895840048e+02,2.6928805349735263e-01,1.2200000000000000e+00
118,1.1800000000000000e+02,9.9999999999999956e-01,3.5449077018110313e+00,5.9955801324568703e-01,2.3674076119338989e+02,3.7848263651611248e+05,2.8974295276121777e+06,8.7758115680551691e+02,2.6976509164707901e-01,1.2200000000000000e+00
119,1.1900000000000000e+02,9.9999999999999956e-01,3.5449077018110313e+00,5.9953152373532226e-01,2.3726860942441959e+02,3.7826830131903099e+05,2.8960563907594997e+06,8.7735201563386590e+02,2.7043718507103298e-01,1.2200000000000000e+00
120,1.2000000000000000e+02,9.9999999999999956e-01,3.5449077018110313e+00,5.9922126779192464e-01,2.3813194705934592e+02,3.7785316481694841e+05,2.8945974489038759e+06,8.7709742872544166e+02,2.7149999448224182e-01,1.2200000000000000e+00
121,1.2100000000000000e+02,9.9999999999999956e-01,3.5449077018110313e+00,5.9851747985504167e-01,2.3954862792654097e+02,3.7715291233176203e+05,2.8929881003990159e+06,8.7679936951910952e+02,2.7320802940121197e-01,1.2200000000000000e+00
122,1.2200000000000000e+02,9.9999999999999956e-01,3.5449077018110313e+00,5.9740196972996729e-01,2.4161101714001799e+02,3.7615097557260224e+05,2.8912092412401605e+06,8.7645109205778169e+02,2.7566970858892981e-01,1.2200000000000000e+00
123,1.2300000000000000e+02,9.9999999999999956e-01,3.5449077018110313e+00,5.9592698200158822e-01,2.4424084156826871e+02,3.7488343418048980e+05,2.8892637075518752e+06,8.7605528792692542e+02,2.7879615012225306e-01,1.2200000000000000e+00
124,1.2400000000000000e+02,9.9999999999999956e-01,3.5449077018110313e+00,5.9415490935398041e-01,2.4727842089767410e+02,3.7339277244558441e+05,2.8871345321197030e+06,8.7561465974494683e+02,2.8240552867137070e-01,1.2200000000000000e+00
125,1.2500000000000000e+02,9.9999999999999956e-01,3.5449077018110313e+00,5.9215221736781531e-01,2.5059041734538701e+02,3.7172528496416821e+05,2.8848201532232747e+06,8.7513345573124946e+02,2.8634537475886707e-01,1.2200000000000000e+00
126,1.2600000000000000e+02,9.9999999999999956e-01,3.5449077018110313e+00,5.8999723690072037e-01,2.5412200526466742e+02,3.6993640940827207e+05,2.8823517233565305e+06,8.7461810855548617e+02,2.9055195951107593e-01,1.2200000000000000e+00
127,1.2700000000000000e+02,9.9999999999999956e-01,3.5449077018110313e+00,5.8775035194425707e-01,2.5784959218263447e+02,3.6806905681887310e+05,2.8797598637606008e+06,8.7407383607886050e+02,2.9499749510791995e-01,1.2200000000000000e+00
128,1.2800000000000000e+02,9.9999999999999956e-01,3.5449077018110313e+00,5.8544794657029509e-01,2.6175416145929290e+02,3.6614881711690821e+05,2.8770599820744251e+06,8.7350337941019939e+02,2.9966015888345232e-01,1.2200000000000000e+00
129,1.2900000000000000e+02,9.9999999999999956e-01,3.5449077018110313e+00,5.8309158957728291e-01,2.6579395680729510e+02,3.6417549428663694e+05,2.8742308320903662e+06,8.7290480853634415e+02,3.0449363345009978e-01,1.2200000000000000e+00
130,1.3000000000000000e+02,9.9999999999999956e-01,3.5449077018110313e+00,5.8066375206643694e-01,2.6993078016093767e+02,3.6213482702574733e+05,2.8712343978083218e+06,8.7227355110197311e+02,3.0945656877928357e-01,1.2200000000000000e+00
131,1.3100000000000000e+02,9.9999999999999956e-01,3.5449077018110313e+00,5.7815271238070387e-01,2.7417417741618931e+02,3.6001753441568848e+05,2.8680547546448689e+06,8.7160649583942597e+02,3.1456187938587804e-01,1.2200000000000000e+00
132,1.3200000000000000e+02,9.9999999999999956e-01,3.5449077018110313e+00,5.7555639478202769e-01,2.7858550398236594e+02,3.5782124384569877e+05,2.8646969202051871e+06,8.7090149103131387e+02,3.1988176257738110e-01,1.2200000000000000e+00
133,1.3300000000000000e+02,9.9999999999999956e-01,3.5449077018110313e+00,5.7285750812847669e-01,2.8322353688327269e+02,3.5553265416073706e+05,2.8611540251382533e+06,8.7015447513964580e+02,3.2548650265554269e-01,1.2200000000000000e+00
134,1.3400000000000000e+02,9.9999999999999956e-01,3.5449077018110313e+00,5.7003438433401998e-01,2.8813284544711752e+02,3.5313540499954339e+05,2.8574122137566684e+06,8.6936073189278216e+02,3.3143071095446347e-01,1.2200000000000000e+00
135,1.3500000000000000e+02,9.9999999999999956e-01,3.5449077018110313e+00,5.6706502900601685e-01,2.9332450585325370e+02,3.5061316165449988e+05,2.8534489625193169e+06,8.6851553358513650e+02,3.3773086894881710e-01,1.2200000000000000e+00
136,1.3600000000000000e+02,9.9999999999999956e-01,3.5449077018110313e+00,5.6393882186575939e-01,2.9878244114363912e+02,3.4795862699532678e+05,2.8492484233791661e+06,8.6761634132221718e+02,3.4437161555567875e-01,1.2200000000000000e+00
137,1.3700000000000000e+02,9.9999999999999956e-01,3.5449077018110313e+00,5.6067240894360015e-01,3.0449149221271460e+02,3.4518521754971048e+05,2.8448253939112932e+06,8.6666531803736950e+02,3.5133688388761081e-01,1.2200000000000000e+00
138,1.3800000000000000e+02,9.9999999999999956e-01,3.5449077018110313e+00,5.5729850002868742e-01,3.1043387930261503e+02,3.4231819915615377e+05,2.8402104397110902e+06,8.6566722027673200e+02,3.5860648529971728e-01,1.2200000000000000e+00
139,1.3900000000000000e+02,9.9999999999999956e-01,3.5449077018110313e+00,5.5384759100452186e-01,3.1657572196685919e+02,3.3938074776308797e+05,2.8354246598524209e+06,8.6462617905649699e+02,3.6614172648845195e-01,1.2200000000000000e+00
140,1.4000000000000000e+02,9.9999999999999956e-01,3.5449077018110313e+00,5.5034739707426639e-01,3.2287644952888513e+02,3.3639261431321921e+05,2.8304739596462217e+06,8.6354442150142040e+02,3.7389674635093922e-01,1.2200000000000000e+00
141,1.4100000000000000e+02,9.9999999999999956e-01,3.5449077018110313e+00,5.4682136444147822e-01,3.2929267855533317e+02,3.3336865371413220e+05,2.8253449590427210e+06,8.6242146815887929e+02,3.8182337837474767e-01,1.2200000000000000e+00
142,1.4200000000000000e+02,9.9999999999999956e-01,3.5449077018110313e+00,5.4329113648644933e-01,3.3578522966814131e+02,3.3032108119441767e+05,2.8200128112866599e+06,8.6125498992061955e+02,3.8987899472035581e-01,1.2200000000000000e+00
143,1.4300000000000000e+02,9.9999999999999956e-01,3.5449077018110313e+00,5.3978473199863342e-01,3.4233405712592139e+02,3.2726594102061167e+05,2.8144587258903389e+06,8.6004271650545468e+02,3.9804308618169687e-01,1.2200000000000000e+00
144,1.4400000000000000e+02,9.9999999999999956e-01,3.5449077018110313e+00,5.3632561404037327e-01,3.4892324155809803e+02,3.2421643625977257e+05,2.8086654201239655e+06,8.5878244850290889e+02,4.0629992166976170e-01,1.2200000000000000e+00
145,1.4500000000000000e+02,9.9999999999999956e-01,3.5449077018110313e+00,5.3292850271914249e-01,3.5553656508234565e+02,3.2118113641544880e+05,2.8026217313383417e+06,8.5747300485821393e+02,4.1463295411980328e-01,1.2200000000000000e+00
146,1.4600000000000000e+02,9.9999999999999956e-01,3.5449077018110313e+00,5.2959931704770258e-01,3.6215954192031904e+02,3.1816509828907950e+05,2.7963328960507819e+06,8.5611572807859432e+02,4.2302638538498100e-01,1.2200000000000000e+00
147,1.4700000000000000e+02,9.9999999999999956e-01,3.5449077018110313e+00,5.2633428847923391e-01,3.6877957192242923e+02,3.1516976849159243e+05,2.7898242472074581e+06,8.5471506734029867e+02,4.3146492441042028e-01,1.2200000000000000e+00
148,1.4800000000000000e+02,9.9999999999999956e-01,3.5449077018110313e+00,5.2312221939674242e-01,3.7538986942366176e+02,3.1219438380141044e+05,2.7831429802616965e+06,8.5327864156241105e+02,4.3993819971433651e-01,1.2200000000000000e+00
149,1.4900000000000000e+02,9.9999999999999956e-01,3.5449077018110313e+00,5.1995002871484841e-01,3.8199729133206699e+02,3.0923924774243316e+05,2.7763610357917277e+06,8.5181722154578904e+02,4.4844983368481112e-01,1.2200000000000000e+00
150,1.5000000000000000e+02,9.9999999999999956e-01,3.5449077018110313e+00,5.1679951801912205e-01,3.8861400375838292e+02,3.0630210056471289e+05,2.7695575848327214e+06,8.5034243603117011e+02,4.5700883231486511e-01,1.2200000000000000e+00
151,1.5100000000000000e+02,9.9999999999999956e-01,3.5449077018110313e+00,5.1364870028893783e-01,3.9525470314315334e+02,3.0337779330016824e+05,2.7628078912222651e+06,8.4886516666675379e+02,4.6562719105933326e-01,1.2200000000000000e+00
152,1.5200000000000000e+02,9.9999999999999956e-01,3.5449077018110313e+00,5.1047454293496797e-01,4.0193510828962343e+02,3.0045921552868700e+05,2.7561761404882153e+06,8.4739448921374617e+02,4.7431876582364652e-01,1.2200000000000000e+00
153,1.5300000000000000e+02,9.9999999999999956e-01,3.5449077018110313e+00,5.0725552623514558e-01,4.0866987423701255e+02,2.9753839709085843e+05,2.7497106102899313e+06,8.4593702054585822e+02,4.8309728066199292e-01,1.2200000000000000e+00
154,1.5400000000000000e+02,9.9999999999999956e-01,3.5449077018110313e+00,5.0397431464613895e-01,4.1547150708576635e+02,2.9460806738647615e+05,2.7434428669004333e+06,8.4449684508150790e+02,4.9197520334805572e-01,1.2200000000000000e+00
155,1.5500000000000000e+02,9.9999999999999956e-01,3.5449077018110313e+00,5.0062091595789660e-01,4.2235196963353854e+02,2.9166395647422277e+05,2.7373924849000224e+06,8.4307614588005572e+02,5.0096538930378709e-01,1.2200000000000000e+00
156,1.5600000000000000e+02,9.9999999999999956e-01,3.5449077018110313e+00,4.9719280240235353e-01,4.2932163532369577e+02,2.8870524221506709e+05,2.7315703453204990e+06,8.4167578695841712e+02,5.1007958405830478e-01,1.2200000000000000e+00
157,1.5700000000000000e+02,9.9999999999999956e-01,3.5449077018110313e+00,4.9369220966865590e-01,4.3638569084380532e+02,2.8573314309966622e+05,2.7259788618818093e+06,8.4029559614318498e+02,5.1932402460127369e-01,1.2200000000000000e+00
158,1.5800000000000000e+02,9.9999999999999956e-01,3.5449077018110313e+00,4.9012398035336435e-01,4.4354300299347983e+02,2.8274994679308648e+05,2.7206140213071601e+06,8.3893479141238470e+02,5.2869782912061036e-01,1.2200000000000000e+00
159,1.5900000000000000e+02,9.9999999999999956e-01,3.5449077018110313e+00,4.8649406698970887e-01,4.5078680879514337e+02,2.7975841872877226e+05,2.7154680613028174e+06,8.3759239120735958e+02,5.3819353366540290e-01,1.2200000000000000e+00
160,1.6000000000000000e+02,9.9999999999999956e-01,3.5449077018110313e+00,4.8280869671186361e-01,4.5810639948855470e+02,2.7676151810201269e+05,2.7105318971505617e+06,8.3626751191514245e+02,5.4779887172639508e-01,1.2200000000000000e+00
161,1.6100000000000000e+02,9.9999999999999956e-01,3.5449077018110313e+00,4.7907481558594145e-01,4.6549031135514571e+02,2.7376283872262150e+05,2.7057982545088944e+06,8.3495965797684835e+02,5.5750036173370754e-01,1.2200000000000000e+00
162,1.6200000000000000e+02,9.9999999999999956e-01,3.5449077018110313e+00,4.7530114655924743e-01,4.7292971190171659e+02,2.7076735452057677e+05,2.7012647370062745e+06,8.3366896682584934e+02,5.6728717359166136e-01,1.2200000000000000e+00
163,1.6300000000000000e+02,9.9999999999999956e-01,3.5449077018110313e+00,4.7149736307797041e-01,4.8041764807008707e+02,2.6778076566666272e+05,2.6969320657798648e+06,8.3239597344692640e+02,5.7715037481583698e-01,1.2200000000000000e+00
164,1.6400000000000000e+02,9.9999999999999956e-01,3.5449077018110313e+00,4.6767264256439378e-01,4.8794647778044782e+02,2.6480838911744271e+05,2.6928002279112688e+06,8.3114118312381243e+02,5.8708013474500154e-01,1.2200000000000000e+00
165,1.6500000000000000e+02,9.9999999999999956e-01,3.5449077018110313e+00,4.6383509758886521e-01,4.9550646653529998e+02,2.6185469393758842e+05,2.6888662717962102e+06,8.2990483177032718e+02,5.9706420250416059e-01,1.2200000000000000e+00
166,1.6600000000000000e+02,9.9999999999999956e-01,3.5449077018110313e+00,4.5999178079893366e-01,5.0308537997024422e+02,2.5892327469597454e+05,2.6851235483398833e+06,8.2868680745875452e+02,6.0708747314682432e-01,1.2200000000000000e+00
167,1.6700000000000000e+02,9.9999999999999956e-01,3.5449077018110313e+00,4.5614921340586873e-01,5.1066925803889848e+02,2.5601721015452157e+05,2.6815624287000047e+06,8.2748671592760695e+02,6.1713287743410083e-01,1.2200000000000000e+00
168,1.6800000000000000e+02,9.9999999999999956e-01,3.5449077018110313e+00,4.5231473876007289e-01,5.1824502355529694e+02,2.5313999524138903e+05,2.6781732067116988e+06,8.2630414128551638e+02,6.2718434733854922e-01,1.2200000000000000e+00
169,1.6900000000000000e+02,9.9999999999999956e-01,3.5449077018110313e+00,4.4849760992140419e-01,5.2580238412380140e+02,2.5029630133792604e+05,2.6749487303741146e+06,8.2513890581213388e+02,6.3722893251080703e-01,1.2200000000000000e+00
170,1.7000000000000000e+02,9.9999999999999956e-01,3.5449077018110313e+00,4.4470873155233193e-01,5.3333082406180972e+02,2.4749181989907852e+05,2.6718829704014505e+06,8.2399108247863592e+02,6.4725315043156151e-01,1.2200000000000000e+00
171,1.7100000000000000e+02,9.9999999999999956e-01,3.5449077018110313e+00,4.4096195815430084e-01,5.4081231479423468e+02,2.4473416500730926e+05,2.6689691206676872e+06,8.2286133083138941e+02,6.5723384309214949e-01,1.2200000000000000e+00
172,1.7200000000000000e+02,9.9999999999999956e-01,3.5449077018110313e+00,4.3727993102327212e-01,5.4820766915298839e+02,2.4203683978188151e+05,2.6661998415818512e+06,8.2175220732860384e+02,6.6712040961244423e-01,1.2200000000000000e+00
173,1.7300000000000000e+02,9.9999999999999956e-01,3.5449077018110313e+00,4.3370682753380230e-01,5.5543119305203368e+02,2.3942778392098774e+05,2.6635693509966508e+06,8.2067094652888761e+02,6.7680133603033854e-01,1.2200000000000000e+00
174,1.7400000000000000e+02,9.9999999999999956e-01,3.5449077018110313e+00,4.3032926724650539e-01,5.6231159937469636e+02,2.3696327387058432e+05,2.6610777274044720e+06,8.1963405389622756e+02,6.8605202126690756e-01,1.2200000000000000e+00
175,1.7500000000000000e+02,9.9999999999999956e-01,3.5449077018110313e+00,4.2729947441463417e-01,5.6855078352321436e+02,2.3474315506724059e+05,2.6587362854186161e+06,8.1867250465986467e+02,6.9447890369718868e-01,1.2200000000000000e+00
176,1.7600000000000000e+02,9.9999999999999956e-01,3.5449077018110313e+00,4.2483527862230352e-01,5.7372446335234315e+02,2.3291040947859257e+05,2.6565661454750793e+06,8.1783195931302691e+02,7.0151876167112337e-01,1.2200000000000000e+00
177,1.7700000000000000e+02,9.9999999999999956e-01,3.5449077018110313e+00,4.2313362077952849e-01,5.7744526248959949e+02,2.3159325849200811e+05,2.6545801441906095e+06,8.1715436480356618e+02,7.0665383110131241e-01,1.2200000000000000e+00
178,1.7800000000000000e+02,9.9999999999999956e-01,3.5449077018110313e+00,4.2213809849820655e-01,5.7981333418276324e+02,2.3075077687924067e+05,2.6527458759630579e+06,8.1662792450019958e+02,7.1000919364547344e-01,1.2200000000000000e+00
179,1.7900000000000000e+02,9.9999999999999956e-01,3.5449077018110313e+00,4.2151619784383576e-01,5.8146521976919382e+02,2.3015915857722124e+05,2.6509910941465595e+06,8.1618181054665172e+02,7.1242119372857327e-01,1.2200000000000000e+00
180,1.8000000000000000e+02,9.9999999999999956e-01,3.5449077018110313e+00,4.2097642624725035e-01,5.8295937558231446e+02,2.2962329866308667e+05,2.6492574294231134e+06,8.1575360669188501e+02,7.1462678289144443e-01,1.2200000000000000e+00
181,1.8100000000000000e+02,9.9999999999999956e-01,3.5449077018110313e+00,4.2040550947859973e-01,5.8451031944340173e+02,2.2906775994890087e+05,2.6475232199633336e+06,8.1531925756825513e+02,7.1690974304561783e-01,1.2200000000000000e+00
182,1.8200000000000000e+02,9.9999999999999956e-01,3.5449077018110313e+00,4.1991610244685224e-01,5.8589876064116038e+02,2.2856754436171494e+05,2.6458076316784155e+06,8.1490302916135295e+02,7.1897973093084533e-01,1.2200000000000000e+00
183,1.8300000000000000e+02,9.9999999999999956e-01,3.5449077018110313e+00,4.1975266791455296e-01,5.8665322787338539e+02,2.2828500090270778e+05,2.6441536665516412e+06,8.1455773422806226e+02,7.2021073918025369e-01,1.2200000000000000e+00
184,1.8400000000000000e+02,9.9999999999999956e-01,3.5449077018110313e+00,4.1987044646160054e-01,5.8686491748297374e+02,2.2819007120969833e+05,2.6425567375634573e+06,8.1427412366589999e+02,7.2072156099088669e-01,1.2200000000000000e+00
185,1.8500000000000000e+02,9.9999999999999956e-01,3.5449077018110313e+00,4.2008807132043913e-01,5.8688653993189632e+02,2.2816271350158454e+05,2.6409936550168116e+06,8.1401438021906483e+02,7.2097809841388227e-01,1.2200000000000000e+00
186,1.8600000000000000e+02,9.9999999999999956e-01,3.5449077018110313e+00,4.2033498555001081e-01,5.8684996886044075e+02,2.2815671305875279e+05,2.6394570900804787e+06,8.1376455912193001e+02,7.2115449398984011e-01,1.2200000000000000e+00
187,1.8700000000000000e+02,9.9999999999999956e-01,3.5449077018110313e+00,4.2058689865437526e-01,5.8679511684794556e+02,2.2815650908255976e+05,2.6379449163211570e+06,8.1352045432907437e+02,7.2130345798359374e-01,1.2200000000000000e+00
188,1.8800000000000000e+02,9.9999999999999956e-01,3.5449077018110313e+00,4.2082333334778405e-01,5.8675724733148934e+02,2.2814896509648155e+05,2.6364558400820866e+06,8.1327844287605785e+02,7.2147153594345315e-01,1.2200000000000000e+00
189,1.8900000000000000e+02,9.9999999999999956e-01,3.5449077018110313e+00,4.2096803333343835e-01,5.8688461153957314e+02,2.2808414165189216e+05,2.6349835785311274e+06,8.1302313031991912e+02,7.2185475376160335e-01,1.2200000000000000e+00
190,1.9000000000000000e+02,9.9999999999999956e-01,3.5449077018110313e+00,4.2101447995021674e-01,5.8719400070509596e+02,2.2795816276770152e+05,2.6335333853883487e+06,8.1275373319422931e+02,7.2247468910089918e-01,1.2200000000000000e+00
191,1.9100000000000000e+02,9.9999999999999956e-01,3.5449077018110313e+00,4.2106713008745450e-01,5.8748802934798755e+02,2.2784034520650542e+05,2.6321264903845438e+06,8.1249287310243142e+02,7.2306853241028080e-01,1.2200000000000000e+00
192,1.9200000000000000e+02,9.9999999999999956e-01,3.5449077018110313e+00,4.2114812360493337e-01,5.8772409031144980e+02,2.2774517267418906e+05,2.6307649916260284e+06,8.1224504466485655e+02,7.2357977949124064e-01,1.2200000000000000e+00
193,1.9300000000000000e+02,9.9999999999999956e-01,3.5449077018110313e+00,4.2122190820798761e-01,5.8796484323354798e+02,2.2764896180777540e+05,2.6294377216290673e+06,8.1200233246717141e+02,7.2409255457073318e-01,1.2200000000000000e+00
194,1.9400000000000000e+02,9.9999999999999956e-01,3.5449077018110313e+00,4.2127480403808115e-01,5.8823006860653516e+02,2.2754235731955781e+05,2.6281350107365474e+06,8.1176121842253883e+02,7.2463435707068846e-01,1.2200000000000000e+00
195,1.9500000000000000e+02,9.9999999999999956e-01,3.5449077018110313e+00,4.2132165763347967e-01,5.8849095531717683e+02,2.2743489537673569e+05,2.6268561209046394e+06,8.1152438258393101e+02,7.2516731221727992e-01,1.2200000000000000e+00
196,1.9600000000000000e+02,9.9999999999999956e-01,3.5449077018110313e+00,4.2137468711656090e-01,5.8873541348512788e+02,2.2733379159950808e+05,2.6256005906544426e+06,8.1129293031800330e+02,7.2567551310272194e-01,1.2200000000000000e+00
197,1.9700000000000000e+02,9.9999999999999956e-01,3.5449077018110313e+00,2.2881352588634930e-02,1.7826818031707624e+03,6.5033355216983055e+03,2.8808857977602724e+06,5.8885334856385111e+02,3.0273782216209320e+00,1.2200000000000000e+00
198,1.9800000000000000e+02,9.9999999999999956e-01,3.5449077018110313e+00,2.2881352588634930e-02,1.7826818031707624e+03,6.5033355216983055e+03,2.8808857977602724e+06,5.8885334856385111e+02,3.0273782216209320e+00,1.2200000000000000e+00
199,1.9900000000000000e+02,9.9999999999999956e-01,3.5449077018110313e+00,2.2881352588634930e-02,1.7826818031707624e+03,6.5033355216983055e+03,2.8808857977602724e+06,5.8885334856385111e+02,3.0273782216209320e+00,1.2200000000000000e+00
